Sequence,Location,position,Gen,Recipient,Fit_plant
1,1,L,G1,BB_207,
1,1,R,G2,BB_046,
2,1,L,G1,BB_098,
2,1,R,G1,BB_157,
3,1,L,G2,BB_123,
3,1,R,G1,BB_139,3
4,2,L,G1,BB_166,
4,2,R,G1,BB_181,5
5,2,L,G2,BB_132,3
5,2,R,G1,BB_044,2
6,2,L,G1,BB_150,5
6,2,R,G2,BB_002,3
7,3,L,G2,BB_154,
7,3,R,G2,BB_052,4
8,3,L,G1,BB_206,3
8,3,R,G1,BB_068,4
9,3,L,G2,BB_147,5
9,3,R,G1,BB_053,5
10,4,L,G2,BB_069,5
10,4,R,G1,BB_086,1
11,4,L,G2,BB_054,
11,4,R,G1,BB_215,5
12,4,L,G1,BB_051,5
12,4,R,G2,BB_134,1
13,5,L,G1,BB_148,3
13,5,R,G1,BB_004,4
14,5,L,G2,BB_143,1
14,5,R,G2,BB_159,5
15,5,L,G1,BB_017,1
15,5,R,G1,BB_088,3
16,6,L,G1,BB_013,4
16,6,R,G1,BB_179,1
17,6,L,G1,BB_166,2
17,6,R,G1,BB_210,
18,6,L,G1,BB_076,1
18,6,R,G2,BB_205A,4
19,7,L,G1,BB_025,1
19,7,R,G2,BB_120,
20,7,L,G1,BB_086,2
20,7,R,G1,BB_092,4
21,7,L,G2,BB_133,
21,7,R,G1,BB_154,
22,8,L,G2,BB_105,
22,8,R,G1,BB_152,5
23,8,L,G1,BB_020,4
23,8,R,G2,BB_116,1
24,8,L,G2,BB_019,2
24,8,R,G1,BB_195,2
25,9,L,G1,BB_190,3
25,9,R,G1,BB_029,4
26,9,L,G1,BB_010,1
26,9,R,G1,BB_181,1
27,9,L,G2,BB_132,2
27,9,R,G1,BB_020,1
28,10,L,G2,BB_149,2
28,10,R,G2,BB_029,1
29,10,L,G1,BB_029,5
29,10,R,G1,BB_135,1
30,10,L,G2,BB_039,4
30,10,R,G1,BB_094,4
31,11,L,G1,BB_159,3
31,11,R,G1,BB_063,3
32,11,L,G1,BB_192,5
32,11,R,G1,BB_004,5
33,11,L,G1,BB_088,2
33,11,R,G1,BB_045,1
34,12,L,G2,BB_058,2
34,12,R,G1,BB_172,5
35,12,L,G1,BB_103,3
35,12,R,G1,BB_183,4
36,12,L,G2,BB_009,4
36,12,R,G2,BB_148,5
37,13,L,G1,BB_032,2
37,13,R,G1,BB_024,1
38,13,L,G1,BB_089,1
38,13,R,G1,BB_018,3
39,13,L,G1,BB_102,4
39,13,R,G1,BB_179,2
40,14,L,G1,BB_048,2
40,14,R,G1,BB_078,2
41,14,L,G2,BB_200,2
41,14,R,G1,BB_207,1
42,14,L,G1,BB_121,2
42,14,R,G1,BB_009,2
43,15,L,G1,BB_189,3
43,15,R,G1,BB_101,1
44,15,L,G1,BB_154,4
44,15,R,G1,BB_200,1
45,15,L,G2,BB_157,2
45,15,R,G2,BB_103,2
46,16,L,G1,BB_071,1
46,16,R,G1,BB_117,3
47,16,L,G1,BB_093,2
47,16,R,G1,BB_123,4
48,16,L,G1,BB_119,5
48,16,R,G1,BB_064,5
49,17,L,G1,BB_205A,4
49,17,R,G2,BB_076,2
50,17,L,G1,BB_151,4
50,17,R,G2,BB_120,1
51,17,L,G1,BB_052,1
51,17,R,G1,BB_159,2
52,18,L,G1,BB_171,3
52,18,R,G1,BB_031,1
53,18,L,G1,BB_118,1
53,18,R,G2,BB_037,3
54,18,L,G2,BB_145,4
54,18,R,G1,BB_074,4
55,19,L,G1,BB_097,3
55,19,R,G2,BB_018,4
56,19,L,G1,BB_079,3
56,19,R,G1,BB_157,
57,19,L,G2,BB_200,
57,19,R,G2,BB_083,
58,20,L,G1,BB_104,3
58,20,R,G1,BB_185,4
59,20,L,G2,BB_018,1
59,20,R,G1,BB_051,3
60,20,L,G2,BB_046,2
60,20,R,G1,BB_003,2
61,21,L,G2,BB_153,5
61,21,R,G2,BB_114,1
62,21,L,G1,BB_043,5
62,21,R,G2,BB_093,4
63,21,L,G1,BB_120,
63,21,R,G1,BB_121,1
64,22,L,G2,BB_076,2
64,22,R,G1,BB_035,
65,22,L,G1,BB_195,
65,22,R,G1,BB_147,3
66,22,L,G2,BB_160,2
66,22,R,G1,BB_035,5
67,23,L,G1,BB_019,4
67,23,R,G2,BB_206,1
68,23,L,G1,BB_061,3
68,23,R,G1,BB_105,3
69,23,L,G1,BB_076,2
69,23,R,G2,BB_078,1
70,24,L,G1,BB_017,4
70,24,R,G2,BB_171,2
71,24,L,G2,BB_109,5
71,24,R,G1,BB_199,1
72,24,L,G1,BB_084,2
72,24,R,G1,BB_214,2
73,25,L,G1,BB_172,4
73,25,R,G2,BB_121,2
74,25,L,G1,BB_002,5
74,25,R,G2,BB_153,3
75,25,L,G1,BB_153,3
75,25,R,G2,BB_098,3
76,26,L,G2,BB_017,5
76,26,R,G1,BB_072,5
77,26,L,G2,BB_189,2
77,26,R,G1,BB_016,
78,26,L,G1,BB_034,
78,26,R,G1,BB_064,
79,27,L,G1,BB_126,1
79,27,R,G1,BB_149,5
80,27,L,G1,BB_163,5
80,27,R,G1,BB_013,5
81,27,L,G1,BB_095,4
81,27,R,G2,BB_020,2
82,28,L,G1,BB_008,1
82,28,R,G2,BB_059,4
83,28,L,G1,BB_080,2
83,28,R,G1,BB_185,1
84,28,L,G1,BB_021,3
84,28,R,G1,BB_152,4
85,29,L,G2,BB_104,2
85,29,R,G1,BB_137,
86,29,L,G1,BB_216,5
86,29,R,G2,BB_190,3
87,29,L,G1,BB_060,5
87,29,R,G1,BB_052,1
88,30,L,G1,BB_127,5
88,30,R,G1,BB_171,
89,30,L,G1,BB_153,
89,30,R,G1,BB_201,
90,30,L,G1,BB_074,2
90,30,R,G1,BB_084,4
91,31,L,G1,BB_020,5
91,31,R,G1,BB_094,2
92,31,L,G2,BB_019,3
92,31,R,G2,BB_145,2
93,31,L,G2,BB_087,
93,31,R,G2,BB_138,4
94,32,L,G2,BB_039,1
94,32,R,G1,BB_119,2
95,32,L,G1,BB_215,
95,32,R,G1,BB_151,3
96,32,L,G1,BB_044,4
96,32,R,G2,BB_207,2
97,33,L,G1,BB_078,3
97,33,R,G1,BB_163,4
98,33,L,G2,BB_143,
98,33,R,G1,BB_192,5
99,33,L,G1,BB_160,
99,33,R,G2,BB_083,
100,34,L,G1,BB_049,5
100,34,R,G2,BB_135,2
101,34,L,G1,BB_004,4
101,34,R,G2,BB_210,2
102,34,L,G1,BB_037,2
102,34,R,G1,BB_201,1
103,35,L,G2,BB_021,2
103,35,R,G2,BB_148,3
104,35,L,G1,BB_119,4
104,35,R,G1,BB_019,4
105,35,L,G2,BB_046,5
105,35,R,G1,BB_008,1
106,36,L,G2,BB_185,3
106,36,R,G1,BB_046,3
107,36,L,G1,BB_010,1
107,36,R,G1,BB_159,3
108,36,L,G2,BB_101,3
108,36,R,G1,BB_154,1
109,37,L,G1,BB_158,2
109,37,R,G1,BB_018,3
110,37,L,G2,BB_153,5
110,37,R,G1,BB_077,5
111,37,L,G1,BB_205,4
111,37,R,G2,BB_121,5
112,38,L,G1,BB_063,2
112,38,R,G1,BB_087,5
113,38,L,G1,BB_147a,2
113,38,R,G1,BB_147b,2
114,38,L,G1,BB_089,5
114,38,R,G1,BB_116,3
115,39,L,G1,BB_088,2
115,39,R,G1,BB_133,4
116,39,L,G1,BB_034,2
116,39,R,G1,BB_046,4
117,39,L,G1,BB_039,5
117,39,R,G1,BB_164,3
118,40,L,G2,BB_029,5
118,40,R,G1,BB_025,4
119,40,L,G2,BB_051,1
119,40,R,G1,BB_021,3
120,40,L,G1,BB_054,2
120,40,R,G1,BB_183,5
121,41,L,G1,BB_189,3
121,41,R,G2,BB_132,2
122,41,L,G1,BB_187,5
122,41,R,G2,BB_134,1
123,41,L,G1,BB_113,4
123,41,R,G1,BB_080,2
124,42,L,G1,BB_151,5
124,42,R,G1,BB_140,
125,42,L,G1,BB_149,1
125,42,R,G2,BB_109,1
126,42,L,G1,BB_205,
126,42,R,G2,BB_189,2
127,43,L,G1,BB_120,5
127,43,R,G1,BB_039,2
128,43,L,G1,BB_010,3
128,43,R,G1,BB_206,1
129,43,L,G1,BB_040,2
129,43,R,G1,BB_089,1
130,44,L,G1,BB_027,2
130,44,R,G1,BB_152,1
131,44,L,G1,BB_138,5
131,44,R,G1,BB_114,1
132,44,L,G2,BB_148,1
132,44,R,G1,BB_199,1
133,45,L,G2,BB_053,1
133,45,R,G2,BB_039,5
134,45,L,G1,BB_200,1
134,45,R,G1,BB_110,5
135,45,L,G2,BB_135,1
135,45,R,G2,BB_013,4
136,46,L,G2,BB_088,3
136,46,R,G1,BB_146,
137,46,L,G2,BB_193,4
137,46,R,G1,BB_109,4
138,46,L,G1,BB_137,2
138,46,R,G1,BB_117,4
139,47,L,G1,BB_209,2
139,47,R,G2,BB_105,1
140,47,L,G2,BB_134,2
140,47,R,G1,BB_186,1
141,47,L,G1,BB_134,3
141,47,R,G2,BB_138,4
142,48,L,G1,BB_132,
142,48,R,G2,BB_200,5
143,48,L,G1,BB_045,3
143,48,R,G1,BB_009,3
144,48,L,G1,BB_054,4
144,48,R,G2,BB_083,
145,49,L,G1,BB_043,1
145,49,R,G1,BB_050,
146,49,L,G1,BB_085,4
146,49,R,G1,BB_140,
147,49,L,G1,BB_208,3
147,49,R,G2,BB_054,3
148,50,L,G1,BB_145,2
148,50,R,G2,BB_146,5
149,50,L,G1,BB_126,1
149,50,R,G2,BB_157,2
150,50,L,G1,BB_059,1
150,50,R,G2,BB_009,
151,51,L,G1,BB_044,3
151,51,R,G2,BB_189,3
152,51,L,G2,BB_093,
152,51,R,G2,BB_088,5
153,51,L,G1,BB_002,1
153,51,R,G1,BB_145,3
154,52,L,G2,BB_154,
154,52,R,G2,BB_111,1
155,52,L,G2,BB_206,4
155,52,R,G1,BB_143,5
156,52,L,G2,BB_190,3
156,52,R,G1,BB_007,5
157,53,L,G2,BB_020,4
157,53,R,G1,BB_032,
158,53,L,G2,BB_116,2
158,53,R,G1,BB_192,2
159,53,L,G1,BB_104,1
159,53,R,G1,BB_146,2
160,54,L,G1,BB_064,5
160,54,R,G2,BB_114,4
161,54,L,G2,BB_060,2
161,54,R,G1,BB_037,3
162,54,L,G1,BB_101,5
162,54,R,G1,BB_048,4
163,55,L,G1,BB_211,5
163,55,R,G1,BB_114,2
164,55,L,G2,BB_143,4
164,55,R,G1,BB_079,3
165,55,L,G1,BB_166,
165,55,R,G1,BB_092,2
166,56,L,G1,BB_074,3
166,56,R,G1,BB_103,
167,56,L,G2,BB_131,1
167,56,R,G1,BB_059,3
168,56,L,G1,BB_109,3
168,56,R,G1,BB_030,1
169,57,L,G2,BB_103,1
169,57,R,G2,BB_117,1
170,57,L,G1,BB_117,3
170,57,R,G2,BB_076,5
171,57,L,G1,BB_118,3
171,57,R,G1,BB_030,4
172,58,L,G1,BB_211,4
172,58,R,G1,BB_056,1
173,58,L,G1,BB_093,2
173,58,R,G2,BB_145,4
174,58,L,G2,BB_045,4
174,58,R,G1,BB_027,4
175,59,L,G2,BB_166,4
175,59,R,G1,BB_013,1
176,59,L,G1,BB_019,1
176,59,R,G1,BB_098,
177,59,L,G2,BB_089,2
177,59,R,G1,BB_199,4
178,60,L,G1,BB_072,5
178,60,R,G1,BB_170,4
179,60,L,G2,BB_053,
179,60,R,G2,BB_019,5
180,60,L,G1,BB_071,
180,60,R,G1,BB_172,5
181,61,L,G2,BB_150,2
181,61,R,G1,BB_210,4
182,61,L,G1,BB_029,
182,61,R,G1,BB_218,1
183,61,L,G1,BB_133,2
183,61,R,G1,BB_083,
184,62,L,G2,BB_052,4
184,62,R,G1,BB_161,1
185,62,L,G1,BB_111,1
185,62,R,G1,BB_058,3
186,62,L,G2,BB_017,3
186,62,R,G1,BB_093,3
187,63,L,G2,BB_123,2
187,63,R,G1,BB_131,3
188,63,L,G1,BB_110,
188,63,R,G1,BB_208,2
189,63,L,G1,BB_034,4
189,63,R,G1,BB_210,2
190,64,L,G1,BB_025,3
190,64,R,G1,BB_052,5
191,64,L,G1,BB_095,1
191,64,R,G1,BB_086,4
192,64,L,G1,BB_113,5
192,64,R,G1,BB_016,5
193,65,L,G1,BB_084,3
193,65,R,G1,BB_138,
194,65,L,G1,BB_077,2
194,65,R,G2,BB_133,
195,65,L,G2,BB_009,
195,65,R,G1,BB_160,5
196,66,L,G1,BB_185,1
196,66,R,G2,BB_101,
197,66,L,G2,BB_093,3
197,66,R,G1,BB_081,1
198,66,L,G1,BB_157,5
198,66,R,G2,BB_205A,5
199,67,L,G2,BB_160,1
199,67,R,G1,BB_193,1
200,67,L,G1,BB_050,4
200,67,R,G1,BB_201,2
201,67,L,G1,BB_032,3
201,67,R,G1,BB_150,5
202,68,L,G1,BB_189,3
202,68,R,G1,BB_007,
203,68,L,G1,BB_017,
203,68,R,G2,BB_193,
204,68,L,G1,BB_024,2
204,68,R,G1,BB_040,1
205,69,L,G2,BB_131,1
205,69,R,G1,BB_081,2
206,69,L,G1,BB_211,4
206,69,R,G1,BB_079,5
207,69,L,G1,BB_054,2
207,69,R,G1,BB_120,1
208,70,L,G2,BB_157,
208,70,R,G2,BB_190,
209,70,L,G1,BB_046,2
209,70,R,G1,BB_063,5
210,70,L,G1,BB_205,
210,70,R,G1,BB_114,
211,71,L,G1,BB_002,4
211,71,R,G1,BB_171,
212,71,L,G1,BB_098,3
212,71,R,G2,BB_215,1
213,71,L,G1,BB_097,5
213,71,R,G2,BB_089,5
214,72,L,G1,BB_059,
214,72,R,G1,BB_031,
215,72,L,G2,BB_139,2
215,72,R,G1,BB_193,
216,72,L,G1,BB_058,
216,72,R,G2,BB_135,
217,73,L,G1,BB_134,4
217,73,R,G1,BB_183,1
218,73,L,G1,BB_085,5
218,73,R,G2,BB_166,
219,73,L,G2,BB_058,
219,73,R,G1,BB_102,
220,74,L,G2,BB_004,2
220,74,R,G2,BB_037,
221,74,L,G2,BB_146,
221,74,R,G2,BB_121,4
222,74,L,G1,BB_135,4
222,74,R,G1,BB_164,4
223,75,L,G2,BB_058,
223,75,R,G1,BB_070A,2
224,75,L,G1,BB_051,
224,75,R,G1,BB_070B,4
225,75,L,G1,BB_161,
225,75,R,G2,BB_056,
226,76,L,G2,BB_029,2
226,76,R,G1,BB_131,
227,76,L,G2,BB_179,4
227,76,R,G1,BB_153,
228,76,L,G1,BB_209,
228,76,R,G1,BB_127,
229,77,L,G2,BB_150,
229,77,R,G1,BB_116,2
230,77,L,G1,BB_058,
230,77,R,G1,BB_116,
231,77,L,G2,BB_147,
231,77,R,G2,BB_193,
232,78,L,G1,BB_078,3
232,78,R,G2,BB_109,
233,78,L,G2,BB_146,
233,78,R,G1,BB_135,5
234,78,L,G1,BB_087,
234,78,R,G2,BB_101,3
235,79,L,G1,BB_077,1
235,79,R,G1,BB_131,2
236,79,L,G1,BB_045,3
236,79,R,G1,BB_158,5
237,79,L,G1,BB_095,4
237,79,R,G1,BB_186,1
238,80,L,G2,BB_214,
238,80,R,G2,BB_123,4
239,80,L,G1,BB_003,5
239,80,R,G1,BB_204,1
240,80,L,G2,BB_092,
240,80,R,G2,BB_151,3
241,81,L,G2,BB_079,
241,81,R,G1,BB_170,5
242,81,L,G1,BB_193,
242,81,R,G1,BB_071,
243,81,L,G1,BB_049,2
243,81,R,G2,BB_053,3
244,82,L,G1,BB_170,2
244,82,R,G1,BB_060,3
245,82,L,G1,BB_040,4
245,82,R,G1,BB_053,2
246,82,L,G2,BB_215,5
246,82,R,G2,BB_103,
247,83,L,G1,BB_056,3
247,83,R,G1,BB_104,5
248,83,L,G1,BB_218,
248,83,R,G2,BB_002,4
249,83,L,G1,BB_031,3
249,83,R,G2,BB_089,5
250,84,L,G1,BB_140,
250,84,R,G1,BB_205,2
251,84,L,G2,BB_104,4
251,84,R,G1,BB_179,5
252,84,L,G1,BB_103,1
252,84,R,G1,BB_069,
253,85,L,G1,BB_042,
253,85,R,G1,BB_009,1
254,85,L,G2,BB_206,
254,85,R,G1,BB_072,
255,85,L,G1,BB_139,
255,85,R,G2,BB_172,
256,86,L,G1,BB_111,2
256,86,R,G2,BB_059,4
257,86,L,G1,BB_027,
257,86,R,G1,BB_150,3
258,86,L,G1,BB_083,1
258,86,R,G1,BB_070,
259,87,L,G2,BB_164,5
259,87,R,G1,BB_138,
260,87,L,G1,BB_214,1
260,87,R,G1,BB_133,3
261,87,L,G2,BB_054,3
261,87,R,G1,BB_123,
262,88,L,G2,BB_214,
262,88,R,G1,BB_132,
263,88,L,G1,BB_016,5
263,88,R,G1,BB_102,
264,88,L,G1,BB_076,
264,88,R,G1,BB_127,
265,89,L,G2,BB_059,
265,89,R,G1,BB_068,
266,89,L,G2,BB_013,
266,89,R,G2,BB_149,3
267,89,L,G2,BB_215,
267,89,R,G1,BB_137,
268,90,L,G2,BB_024,4
268,90,R,G1,BB_139,4
269,90,L,G2,BB_133,5
269,90,R,G1,BB_042,4
270,90,L,G2,BB_205A,3
270,90,R,G1,BB_143,
271,91,L,G2,BB_013,4
271,91,R,G1,BB_021,2
272,91,L,G1,BB_149,5
272,91,R,G1,BB_039,2
273,91,L,G1,BB_209,2
273,91,R,G1,BB_204,5
274,92,L,G1,BB_003,1
274,92,R,G2,BB_070,4
275,92,L,G1,BB_134,1
275,92,R,G1,BB_158,
276,92,L,G1,BB_080,1
276,92,R,G1,BB_061,4
277,93,L,G1,BB_216,2
277,93,R,G2,BB_179,1
278,93,L,G2,BB_045,2
278,93,R,G1,BB_060,1
279,93,L,G1,BB_110,4
279,93,R,G1,BB_214,4
280,94,L,G2,BB_017,
280,94,R,G2,BB_120,
281,94,L,G1,BB_018,3
281,94,R,G1,BB_048,5
282,94,L,G2,BB_048,
282,94,R,G2,BB_060,
283,95,L,G1,BB_050,2
283,95,R,G1,BB_111,
284,95,L,G1,BB_053,1
284,95,R,G1,BB_161,
285,95,L,G1,BB_187,
285,95,R,G1,BB_181,5
286,96,L,G1,BB_190,
286,96,R,G1,BB_190,
287,96,L,G1,BB_163,2
287,96,R,G1,BB_097,4
288,96,L,G1,BB_145,1
288,96,R,G2,BB_147,3
289,97,L,G1,BB_146,1
289,97,R,G1,BB_208,5
290,97,L,G2,BB_179,3
290,97,R,G1,BB_164,1
291,97,L,G1,BB_037,1
291,97,R,G2,BB_052,4
292,98,L,G1,BB_105,
292,98,R,G1,BB_205B,5
293,98,L,G1,BB_094,2
293,98,R,G1,BB_148,5
294,98,L,G1,BB_069,
294,98,R,G1,BB_087,
295,99,L,G2,BB_060,5
295,99,R,G2,BB_138,5
296,99,L,G1,BB_056,
296,99,R,G1,BB_092,
297,99,L,G1,BB_035,
297,99,R,G1,BB_207,1
298,100,L,G1,BB_081,4
298,100,R,G2,BB_087,4
299,100,L,G2,BB_088,
299,100,R,G1,BB_143,5
300,100,L,G1,BB_049,1
300,100,R,G1,BB_121,1
301,101,L,G2,BB_002,4
301,101,R,G1,BB_132,1
302,101,L,G1,BB_085,4
302,101,R,G2,BB_166,1
303,101,L,G2,BB_150,3
303,101,R,G1,BB_007,3
304,102,L,G1,BB_215,5
304,102,R,G1,BB_061,3
305,102,L,G2,BB_098,3
305,102,R,G1,BB_083,
306,102,L,G1,BB_187,
306,102,R,G2,BB_114,1
307,103,L,G1,BB_113,4
307,103,R,G1,BB_069,
308,103,L,G1,BB_186,3
308,103,R,G2,BB_209,4
309,103,L,G2,BB_020,2
309,103,R,G2,BB_149,5
310,104,L,G1,BB_200,2
310,104,R,G1,BB_008,
311,104,L,G1,BB_148,1
311,104,R,G1,BB_195,
312,104,L,G1,BB_204,5
312,104,R,G2,BB_080,3
313,105,L,G1,BB_068,2
313,105,R,G2,BB_045,2
314,105,L,G1,BB_109,5
314,105,R,G1,BB_101,
315,105,L,G1,BB_123,3
315,105,R,G2,BB_151,
316,106,L,G1,BB_126,2
316,106,R,G1,BB_042,4
317,106,L,G2,BB_018,3
317,106,R,G1,BB_206,4
318,106,L,G1,BB_043,
318,106,R,G1,BB_118,
319,107,L,G1,BB_105,1
319,107,R,G1,BB_218,1
320,107,L,G1,BB_160,4
320,107,R,G2,BB_111,3
321,107,L,G1,BB_216,2
321,107,R,G1,BB_024,3
322,108,L,G1,BB_030,3
322,108,R,NULL,BB_ NA,
